MD5,SHA1,SHA256
5bbf1cd890b62b3ff4e3e8356a78a037,78d3c5ef3891019f8f9e691524a5b768a0502b92,010ad92cf347c3ec6e43efbb28bd3db294df7acbf9ffd6e6a8a4207a9b4cc0d5
f51357568e8382a26f2edc51c1cfb65b,a6aa4deccf5eb46a464b67f4465f416cd61eae7a,793d5266a181cfccb7b05eea0d5178091523725bdbb7b49fe2a5fb428f562a1b
c848cf303cdb1add473a0d3e81240cc7,3fff6ba89b504608f00eac3c95132b4b2ab4f89a,069290a8a6f40d41c6171fb56a7d13886f44d81c45e6359787d6c7e5f5ed8832
90101ea25d8cb12f0b638f035372c836,6dab6f76b629871901e5ca415f1e05815dfe2148,c11a5bffa2820885d33da78444d3cf3e61611208443817d42498c2760766ff2e
af23479b1c739f9308934fa56089d924,2cac7bc41b46e8d0a5f627974563083a4a96733c,7b8101e5fae6b5dc9fc15622c4d2d8f43fbfe4d60383c32baf1b5d52a2dd0c1a
ed63ccf6a8d60a039304a1a00bbccf12,293d27e3f6fb2279443af6c61c98c7099995b0dd,c379e5543e3bdae271895afef36ee618b958b614d0a58e6131fb6c9567c48312
b19cd3a4556eb48b9e5e7e764e0bd92d,3ceb11eb48d2174bbf1b929146d78de26cd1df99,f5f8a2c683e5f64faf31d80769307286e4af615699858159f7d0810b3b7c8e1e
379b874739c79e3057668f79e6c79f1b,5a2a127a40d49e607e0ae667eee7407c409177be,dc7ec9ed146a7683fe0b3a147587b0465cc11423d0f4d025144c1e781b69c901
74ac9c2aef0aa52eb72678850e3bfc81,32a0bc3baa9875a477bbbf4c65c98d619f3e4935,476893c5ff4c6375c54c7578fbf2419bc5d118427b4714ffbb0b907b1070506f
97bc0882206c76d857bcebdbddec0c8f,536315fa1f73e9be11c525ff27c67515162899a6,c1a83cd4e603bf229e7ad03e8be5e913ef6bb2cbd08f599f4e672bf933301c0b
398bbe701a6a3832b8fd35eca47d957c,542a80ed04b0dfe25e10e34aa59108bc1b5dafb7,48590e9896af865e26bc88852b2eff25c2f0665684cabd3be71044d7752f8bfe
16bc50514b07a1ef2daf5968f70c2142,feee1ba1ab8c18273bd844f49e58785c43c49d71,65ca5fa938f53b3b9b39925b685994059bd17d701556824becf81050337df5dc
b276020acf078b561529f94f60b72fee,cd43de2626657d18d495e63e81749ed21f9f5dd0,e4c4d2f57f20f9aa5512597542e1ed994aec2901544b8b7ee8fc97912bb570cc
1cc9dec8b3cb5bb33a69dc6ba6dda01d,815666b871ddf56957c68e940aaddeca67b0bd14,43b8bf757b7adca6411753e3798f16068635ffd52c0227dc3744e01b36c26b44
23f99b6a39b8f0d67820bfdc3d47b9e1,bd4eaa5ce658108f05f9841c936d80834d44f9f8,81e020640ab55f0c9c18f27f0b63a9c95adc87ace1161b235f306dba1775d83c
3fd2dcfba91bccfc4710eaa61e108085,64ae5f4bc109e2fdf906cf16fb1abd43374b2a9d,98eb80a6e96f652ee1ee4455d9cb0483e1c68d929989e76c16b6ce4aced164e8
22703640f36dee5b6eaffb4686e25cd8,880488b54003274ac4c9a20b7bdc95fcb080a93a,1d6cc415620f8ed6bd2b76859a1493b5ab5ac3871d6b69b5747008b1199afb3a
8455a490d13eadbd7c6b2f48bf12d0f2,d95224946eb3e0387b8fb5afa51c0fbdde414f3b,8cd0e517c0fe3ccb6b18dd25be792216df215989e6aaca84ac32b5de3863bdd4
